﻿Designator,Quantity,Value,Footprint,Package,MPN,DNP,Mount_Type,Description,Sim.Device,Sim.Pins
C1,1,0.047uF,C_Disc_D7.0mm_W2.5mm_P5.00mm,,,,tht,Unpolarized capacitor,,
C2,1,10u/25V,C_Radial_D6.3mm_H7.0mm_P2.50mm,,,,tht,Polarized capacitor,,
C3,1,10nF,C_Disc_D3.4mm_W2.1mm_P2.50mm,,,,tht,Unpolarized capacitor,,
C4,1,3u/400V,C_Rect_L19.0mm_W11.0mm_P15.00mm_MKS4,,,,tht,Polarized capacitor,,
D1,1,12V/1W,D_DO-15_P12.70mm_Horizontal,,,,tht,Zener diode,,
"D2, D3, D4, D5, D6, D7, D8",7,1N4448,D_DO-35_SOD27_P7.62mm_Horizontal,,,,tht,"100V 0.15A High-speed standard diode, DO-35",D,1=K 2=A
J1,1,220VAC,"TerminalBlock_Phoenix_MKDS-1,5-2-5.08_1x02_P5.08mm_Horizontal",,,,tht,"Generic screw terminal, single row, 01x02, script generated (kicad-library-utils/schlib/autogen/connector/)",,
J2,1,24VDC,BarrelJack_Horizontal,,,,tht,DC Barrel Jack,,
"Q1, Q10, Q2, Q3, Q4, Q5, Q6, Q7, Q8, Q9",10,IRF3205,TO-220-3_Vertical,,,,tht,"110A Id, 55V Vds, Single N-Channel HEXFET Power MOSFET, 8mOhm Ron, TO-220AB",,
"R1, R2",2,100K,R_Axial_DIN0411_L9.9mm_D3.6mm_P15.24mm_Horizontal,,,,tht,Resistor,,
R3,1,100/1W,R_Axial_DIN0411_L9.9mm_D3.6mm_P15.24mm_Horizontal,,,,tht,Resistor,,
"R4, R6",2,1K,R_Axial_DIN0411_L9.9mm_D3.6mm_P15.24mm_Horizontal,,,,tht,"Resistor, small symbol",,
"R5, R7",2,10,R_Axial_DIN0411_L9.9mm_D3.6mm_P15.24mm_Horizontal,,,,tht,"Resistor, small symbol",,
SW1,1,SW_Push,SW_E-Switch_EG1224_SPDT_Angled,,,,tht,"Push button switch, generic, two pins",,
T1,1,Transformer_SP_1S,Transformer_CHK_EI38-3VA_1xSec,,,,tht,"Transformer, split primary, single secondary",,
U1,1,NE555P,DIP-8_W7.62mm,,,,tht,"Precision Timers, 555 compatible,  PDIP-8",,
U2,1,4017,DIP-16_W7.62mm,,,,tht,Johnson Counter ( 10 outputs ),,
