﻿pos_x,pos_y,rotation,side,designator,mpn,pack,footprint,value,mount_type,place
102.54,-85.77,180.0,top,C1,,,C_Disc_D7.0mm_W2.5mm_P5.00mm,0.047uF,tht,True
91.97,-74.41,-90.0,top,C2,,,C_Radial_D6.3mm_H7.0mm_P2.50mm,10u/25V,tht,True
114.85,-97.24,180.0,top,C3,,,C_Disc_D3.4mm_W2.1mm_P2.50mm,10nF,tht,True
211.655,-83.985,-90.0,top,C4,,,C_Rect_L19.0mm_W11.0mm_P15.00mm_MKS4,3u/400V,tht,True
98.83,-74.88,0.0,top,D1,,,D_DO-15_P12.70mm_Horizontal,12V/1W,tht,True
142.29,-92.13,180.0,top,D2,,,D_DO-35_SOD27_P7.62mm_Horizontal,1N4448,tht,True
142.29,-96.08,180.0,top,D3,,,D_DO-35_SOD27_P7.62mm_Horizontal,1N4448,tht,True
142.14,-88.13,180.0,top,D4,,,D_DO-35_SOD27_P7.62mm_Horizontal,1N4448,tht,True
142.29,-84.27,180.0,top,D5,,,D_DO-35_SOD27_P7.62mm_Horizontal,1N4448,tht,True
142.29,-80.43,180.0,top,D6,,,D_DO-35_SOD27_P7.62mm_Horizontal,1N4448,tht,True
142.29,-76.44,180.0,top,D7,,,D_DO-35_SOD27_P7.62mm_Horizontal,1N4448,tht,True
102.11,-71.27,0.0,top,D8,,,D_DO-35_SOD27_P7.62mm_Horizontal,1N4448,tht,True
224.55,-98.69,90.0,top,J1,,,"TerminalBlock_Phoenix_MKDS-1,5-2-5.08_1x02_P5.08mm_Horizontal",220VAC,tht,True
208.79,-67.78,180.0,top,J2,,,BarrelJack_Horizontal,24VDC,tht,True
163.56,-102.66,180.0,top,Q1,,,TO-220-3_Vertical,IRF3205,tht,True
158.69,-69.44,0.0,top,Q10,,,TO-220-3_Vertical,IRF3205,tht,True
152.44,-102.65,180.0,top,Q2,,,TO-220-3_Vertical,IRF3205,tht,True
141.19,-102.66,180.0,top,Q3,,,TO-220-3_Vertical,IRF3205,tht,True
130.16,-102.66,180.0,top,Q4,,,TO-220-3_Vertical,IRF3205,tht,True
119.13,-102.82,180.0,top,Q5,,,TO-220-3_Vertical,IRF3205,tht,True
114.82,-69.68,0.0,top,Q6,,,TO-220-3_Vertical,IRF3205,tht,True
125.6,-69.75,0.0,top,Q7,,,TO-220-3_Vertical,IRF3205,tht,True
136.79,-69.59,0.0,top,Q8,,,TO-220-3_Vertical,IRF3205,tht,True
147.66,-69.59,0.0,top,Q9,,,TO-220-3_Vertical,IRF3205,tht,True
102.23,-94.21,180.0,top,R1,,,R_Axial_DIN0411_L9.9mm_D3.6mm_P15.24mm_Horizontal,100K,tht,True
87.13,-89.82,0.0,top,R2,,,R_Axial_DIN0411_L9.9mm_D3.6mm_P15.24mm_Horizontal,100K,tht,True
97.35,-79.56,0.0,top,R3,,,R_Axial_DIN0411_L9.9mm_D3.6mm_P15.24mm_Horizontal,100/1W,tht,True
149.37,-89.67,0.0,top,R4,,,R_Axial_DIN0411_L9.9mm_D3.6mm_P15.24mm_Horizontal,1K,tht,True
149.43,-94.52,0.0,top,R5,,,R_Axial_DIN0411_L9.9mm_D3.6mm_P15.24mm_Horizontal,10,tht,True
149.37,-83.33,0.0,top,R6,,,R_Axial_DIN0411_L9.9mm_D3.6mm_P15.24mm_Horizontal,1K,tht,True
149.37,-78.14,0.0,top,R7,,,R_Axial_DIN0411_L9.9mm_D3.6mm_P15.24mm_Horizontal,10,tht,True
221.34,-85.3,90.0,top,SW1,,,SW_E-Switch_EG1224_SPDT_Angled,SW_Push,tht,True
175.12,-96.07,0.0,top,T1,,,Transformer_CHK_EI38-3VA_1xSec,Transformer_SP_1S,tht,True
107.44,-86.13,0.0,top,U1,,,DIP-8_W7.62mm,NE555P,tht,True
129.29,-96.07,180.0,top,U2,,,DIP-16_W7.62mm,4017,tht,True
